{"cameraMode":{"drawMode":0,"name":"Shaded","section":"Shading Mode"},"sceneLighting":true,"audioPlay":false,"sceneViewState":{"showFog":true,"showMaterialUpdate":false,"showSkybox":true,"showFlares":true,"showImageEffects":true,"showParticleSystems":true},"in2DMode":false,"pivot":{"x":0.3564438223838806,"y":-5.814706802368164,"z":14.936178207397461},"rotation":{"x":-0.17489966750144959,"y":0.00797239225357771,"z":-0.0014162323204800487,"w":-0.9845529794692993},"size":38.988319396972659,"orthographic":false}