{"cameraMode":{"drawMode":0,"name":"Shaded","section":"Shading Mode"},"sceneLighting":true,"audioPlay":false,"sceneViewState":{"showFog":true,"showMaterialUpdate":false,"showSkybox":true,"showFlares":true,"showImageEffects":true,"showParticleSystems":true},"in2DMode":false,"pivot":{"x":-1.7389171123504639,"y":-0.3505513668060303,"z":2.7805399894714357},"rotation":{"x":0.11700841039419174,"y":-0.023836545646190645,"z":0.0028092926368117334,"w":0.9928408861160278},"size":5.515336036682129,"orthographic":false}